<!--
<dataConfig>
	<dataSource driver="com.microsoft.sqlserver.jdbc.SQLServerDriver" url="jdbc:sqlserver://DF-APP-SQL-03\MSSQLSERVER2012:49821;databaseName=steelgo-sam3" user="DeFiAdmin" password="Chelsea102!" />
	<document>
		<entity name="user" query="SELECT UsuarioID, PerfilID, NombreUsuario from Sam3_Usuario">
			<field column="UsuarioID" name="id" />
			<field column="PerfilID" name="profileid" />
			<field column="NombreUsuario" name="userName" />
			<entity name="profile" query="select Nombre, Activo from Sam3_Perfil where PerfilID=${user.profileid}">
				<field column="Nombre" name="profileName" />
				<field column="Activo" name="profileStatus" />
			</entity>
		</entity>
	</document>
</dataConfig>
 -->
<dataConfig>
<!-- The first element is the dataSource, in this case an HSQLDB database.
     The path to the JDBC driver and the JDBC URL and login credentials are all specified here.
     Other permissible attributes include whether or not to autocommit to Solr,the batchsize
     used in the JDBC connection, a 'readOnly' flag -->
	<dataSource driver="com.microsoft.sqlserver.jdbc.SQLServerDriver" url="jdbc:sqlserver://DF-APP-SQL-03\MSSQLSERVER2012:49821;databaseName=steelgo-sam3" user="DeFiAdmin" password="Chelsea102!" />
 
<!-- a 'document' element follows, containing multiple 'entity' elements.
     Note that 'entity' elements can be nested, and this allows the entity
     relationships in the sample database to be mirrored here, so that we can
     generate a denormalized Solr record which may include multiple features
     for one item, for instance -->
	<document>
 
<!-- The possible attributes for the entity element are described below.
     Entity elements may contain one or more 'field' elements, which map
     the data source field names to Solr fields, and optionally specify
     per-field transformations -->
<!-- this entity is the 'root' entity. -->
		<entity name="user" 
			query="
				SELECT CONCAT ('AE',FolioAvisoEntradaID) as id
					  ,NULL as NumeroUnicoID
					  ,NULL as NumeroUnico
					  ,NULL as ItemCodeID
					  ,NULL as ItemCodeCodigo
					  ,NULL as ItemCodeSteelgoID
					  ,NULL as ItemCodeSteelgoCodigo
					  ,NULL as FolioCuantificacionID
					  ,FolioAvisoLlegadaID
					  ,FolioAvisoEntradaID
					  ,Proyecto
					  ,Cliente
					  ,FechaCreacion as FechaModificacion
					  ,'AE' as Tipo
					FROM VW_AvisoEntrada
				UNION ALL
				SELECT CONCAT ('Cu',FolioCuantificacionID) as id
					  ,NULL as NumeroUnicoID
					  ,NULL as NumeroUnico
					  ,NULL as ItemCodeID      
					  ,NULL as ItemCodeCodigo
					  ,NULL as ItemCodeSteelgoID
					  ,NULL as ItemCodeSteelgoCodigo
					  ,FolioCuantificacionID
					  ,FolioAvisoLlegadaID
					  ,FolioAvisoEntradaID
					  ,Proyecto
					  ,Cliente
					  ,FechaCreacion as FechaModificacion
					  ,'Cu' as Tipo
					FROM VW_FolioCuantificacion
				UNION ALL
				SELECT CONCAT ('IC',ItemCodeID) as id
					  ,NULL as NumeroUnicoID
					  ,NULL as NumeroUnico
					  ,ItemCodeID
					  ,ItemCodeCodigo
					  ,ItemCodeSteelgoID
					  ,ItemCodeSteelgoCodigo
					  ,FolioCuantificacionID
					  ,FolioAvisoLlegadaID
					  ,FolioAvisoEntradaID
					  ,Proyecto
					  ,Cliente
					  ,FechaModificacion
					  ,'IC' as Tipo
					FROM VW_ItemCodes
				UNION ALL
				SELECT CONCAT ('NU',NumeroUnicoID) as id
					  ,NumeroUnicoID
					  ,'---' as NumeroUnico
					  ,ItemCodeID
					  ,ItemCodeCodigo
					  ,ItemCodeSteelgoID
					  ,ItemCodeSteelgoCodigo
					  ,FolioCuantificacionID
					  ,FolioAvisoLlegadaID
					  ,FolioAvisoEntradaID
					  ,Proyecto
					  ,Cliente
					  ,FechaModificacion
					  ,'NU' as Tipo
					FROM VW_NumerosUnicos" 
			deltaQuery="
				SELECT CONCAT ('AE',FolioAvisoEntradaID) as id
					  ,NULL as NumeroUnicoID
					  ,NULL as NumeroUnico
					  ,NULL as ItemCodeID
					  ,NULL as ItemCodeCodigo
					  ,NULL as ItemCodeSteelgoID
					  ,NULL as ItemCodeSteelgoCodigo
					  ,NULL as FolioCuantificacionID
					  ,FolioAvisoLlegadaID
					  ,FolioAvisoEntradaID
					  ,Proyecto
					  ,Cliente
					  ,FechaCreacion as FechaModificacion
					  ,'AE' as Tipo
					FROM VW_AvisoEntrada
					WHERE FechaModificacion > '${dataimporter.last_index_time}'
				UNION ALL
				SELECT CONCAT ('Cu',FolioCuantificacionID) as id
					  ,NULL as NumeroUnicoID
					  ,NULL as NumeroUnico
					  ,NULL as ItemCodeID      
					  ,NULL as ItemCodeCodigo
					  ,NULL as ItemCodeSteelgoID
					  ,NULL as ItemCodeSteelgoCodigo
					  ,FolioCuantificacionID
					  ,FolioAvisoLlegadaID
					  ,FolioAvisoEntradaID
					  ,Proyecto
					  ,Cliente
					  ,FechaCreacion as FechaModificacion
					  ,'Cu' as Tipo
					FROM VW_FolioCuantificacion
					WHERE FechaModificacion > '${dataimporter.last_index_time}'
				UNION ALL
				SELECT CONCAT ('IC',ItemCodeID) as id
					  ,NULL as NumeroUnicoID
					  ,NULL as NumeroUnico
					  ,ItemCodeID
					  ,ItemCodeCodigo
					  ,ItemCodeSteelgoID
					  ,ItemCodeSteelgoCodigo
					  ,FolioCuantificacionID
					  ,FolioAvisoLlegadaID
					  ,FolioAvisoEntradaID
					  ,Proyecto
					  ,Cliente
					  ,FechaModificacion
					  ,'IC' as Tipo
					FROM VW_ItemCodes
					WHERE FechaModificacion > '${dataimporter.last_index_time}'
				UNION ALL
				SELECT CONCAT ('NU',NumeroUnicoID) as id
					  ,NumeroUnicoID
					  ,'---' as NumeroUnico
					  ,ItemCodeID
					  ,ItemCodeCodigo
					  ,ItemCodeSteelgoID
					  ,ItemCodeSteelgoCodigo
					  ,FolioCuantificacionID
					  ,FolioAvisoLlegadaID
					  ,FolioAvisoEntradaID
					  ,Proyecto
					  ,Cliente
					  ,FechaModificacion
					  ,'NU' as Tipo
					FROM VW_NumerosUnicos
					WHERE FechaModificacion > '${dataimporter.last_index_time}'">
			<field column="id" name="id" />
			<field column="NumeroUnicoID" name="NumeroUnicoID" />
			<field column="NumeroUnico" name="NumeroUnico" />
			<field column="ItemCodeID" name="ItemCodeID" />
			<field column="ItemCodeCodigo" name="ItemCode" />
			<field column="ItemCodeSteelgoID" name="ItemCodeSteelgoID" />
			<field column="ItemCodeSteelgoCodigo" name="ItemCodeSteelgo" />
			<field column="FolioCuantificacionID" name="Cuantificacion" />
			<field column="FolioAvisoLlegadaID" name="AvisoLlegada" />
			<field column="FolioAvisoEntradaID" name="AvisoEntrada" />
			<field column="Proyecto" name="Proyecto" />
			<field column="Cliente" name="Cliente" />
			<field column="Tipo" name="TipoRegistro" />
			
		</entity>
	</document>
</dataConfig>